{
  "accuracy": 0.97,
  "roc_auc": 0.9974215728405672,
  "report": {
    "0": {
      "precision": 0.946524064171123,
      "recall": 0.9888268156424581,
      "f1-score": 0.9672131147540983,
      "support": 179.0
    },
    "1": {
      "precision": 0.9906103286384976,
      "recall": 0.9547511312217195,
      "f1-score": 0.9723502304147466,
      "support": 221.0
    },
    "accuracy": 0.97,
    "macro avg": {
      "precision": 0.9685671964048104,
      "recall": 0.9717889734320888,
      "f1-score": 0.9697816725844224,
      "support": 400.0
    },
    "weighted avg": {
      "precision": 0.9708817252893475,
      "recall": 0.97,
      "f1-score": 0.9700513711566064,
      "support": 400.0
    }
  }
}